Wall time,Step,Value
1618157348.158571,834,0.7773119211196899
1618157491.4387834,1668,0.7842849493026733
1618157636.288376,2502,0.7805308699607849
1618157777.2718139,3336,0.7823448777198792
1618157917.9347517,4170,0.7857282757759094
1618158061.8559813,5004,0.7874139547348022
1618158216.4044576,5838,0.7870681881904602
1618158357.41546,6672,0.78749018907547
1618158501.441752,7506,0.7912809252738953
1618158645.7997975,8340,0.7836792469024658
1618158786.8883643,9174,0.7893633842468262
1618158934.6213586,10008,0.7890840172767639
1618159097.5665793,10842,0.7827752232551575
1618159254.7167475,11676,0.7856414318084717
